route_id,grupo,veloc_pico,veloc_entrepico
20000101130,,9.92,
20000111110,,8.94,
20000121130,,10.00,
20000131130,,10.25,
20000141140,,8.33,
20000181130,,9.33,
20000151110,,9.06,
20000191130,,9.06,
20000201130,,9.14,
20000221110,,7.31,
20000251111,,8.94,
20000339110,,9.83,
20000501110,,7.11,
20000511110,,10.61,
20000511111,,9.28,
20000531131,,9.97,
20000531112,,9.97,
20000381110,,9.83,
20000311140,,8.81,
20000411130,,7.94,
20000461130,,7.50,
20000351111,,6.89,
20000351110,,6.89,
20000401131,,8.03,
20000421111,,6.39,
20000141130,,8.33,
20000171110,,9.00,
22000061010,Auxiliar_Centro-Santa_Teresa,4.53,4.82
22000071010,Auxiliar_Centro-Santa_Teresa,4.53,4.82
22000101010,Auxiliar_Centro-Santa_Teresa,4.53,4.82
22000111010,Auxiliar_Centro-Santa_Teresa,4.53,4.82
22000141010,Auxiliar_Centro-Santa_Teresa,4.53,4.82
22001001010,Radial_Zona_Sul_Expresso,7.42,7.32
22001011010,Radial_Zona_Sul_Parador,6.16,6
22001021010,Radial_Zona_Sul_Parador,6.16,6
22001041010,Radial_Zona_Sul_Parador,6.16,6
22001051010,Radial_Zona_Sul_Parador,6.16,6
22001061010,Radial_Zona_Sul_Expresso,7.42,7.32
22001071010,Radial_Zona_Sul_Parador,6.16,6
22001081010,Radial_Zona_Sul_Expresso,7.42,7.32
22001091010,Radial_Zona_Sul_Expresso,7.42,7.32
22001101010,Radial_Zona_Sul_Expresso,7.42,7.32
22001111010,Radial_Zona_Sul_Expresso,7.42,7.32
22001121010,Radial_Zona_Sul_Expresso,7.42,7.32
22001171010,Radial_Zona_Sul_Expresso,7.42,7.32
22001181010,Radial_Zona_Sul_Parador,6.16,6
22001331010,Auxiliar_Centro-Santa_Teresa,4.53,4.82
22001341010,Auxiliar_Centro-Santa_Teresa,4.53,4.82
22001811010,Radial_Zona_Sul_Expresso,7.42,7.32
22002011010,Auxiliar_Centro-Santa_Teresa,4.53,4.82
23020121010,Radial_Zona_Sul_Expresso,7.42,7.32
23020151010,Radial_Zona_Sul_Expresso,7.42,7.32
23020161010,Diametral_Centro,5.57,5.49
23020171010,Radial_Zona_Sul_Expresso,7.42,7.32
23020181010,Diametral_Aterro,7.62,7.65
22002021010,Auxiliar_Centro-Santa_Teresa,4.53,4.82
23020201010,Radial_AP5_Barra,8.39,8.43
22002031010,Auxiliar_Centro-Santa_Teresa,4.53,4.82
22002091010,Auxiliar_Centro-Santa_Teresa,4.53,4.82
22002101010,Auxiliar_Centro-Santa_Teresa,4.53,4.82
23021011010,Radial_Ilha_Expressa,8.19,8.45
23021101010,Radial_AP4_Serra,6.29,6.36
23021111010,Radial_AP4_Serra,6.29,6.36
23021121010,Radial_AP4_Expressa,8.51,8.88
23021141010,Radial_AP4_Serra,6.29,6.36
23021151010,Radial_AP5_Barra,8.39,8.43
22002131010,Radiais_Grande_Tijuca,4.79,4.76
23021451010,Radial_Ilha_Expressa,8.19,8.45
22002171010,Radiais_Grande_Tijuca,4.79,4.76
22002181010,Radiais_Grande_Tijuca,4.79,4.76
22002201010,Radiais_Grande_Tijuca,4.79,4.76
22002221010,Radiais_Grande_Tijuca,4.79,4.76
23022511010,Radial_ZN_Central,5.62,5.65
22002261010,Radiais_Grande_Tijuca,4.79,4.76
22002291010,Radiais_Grande_Tijuca,4.79,4.76
23023031010,Radial_AP5_Brasil_Expresso,9.22,9.69
23023051010,Radial_ZN_Brasil,6.93,7.16
23023071010,Radial_AP5_Brasil_Expresso,9.22,9.69
23023081010,Radial_AP5_Brasil_Expresso,9.22,9.69
23023091010,Radial_AP5_Brasil_Expresso,9.22,9.69
23023101010,Radial_AP5_Brasil_Expresso,9.22,9.69
22002321010,Radial_ZN_Central,5.62,5.65
23023291010,Radial_AP5_Barra,8.39,8.43
23023301010,Radial_AP4_Expressa,8.51,8.88
23023311010,Radial_AP4_Expressa,8.51,8.88
23023321010,Radial_AP5_Brasil_Expresso,9.22,9.69
23023331010,Radial_AP5_Barra,8.39,8.43
23023341010,Radial_AP5_Barra,8.39,8.43
23023351010,Radial_AP5_Barra,8.39,8.43
23023361010,Radial_AP5_Brasil_Expresso,9.22,9.69
23023371010,Radial_AP5_Barra,8.39,8.43
23023381010,Radial_AP5_Barra,8.39,8.43
23023391010,Radial_AP5_Brasil_Expresso,9.22,9.69
23023421010,Radial_Ilha_Expressa,8.19,8.45
23023431010,Radial_Ilha_Expressa,8.19,8.45
23023441010,Radial_Ilha_Expressa,8.19,8.45
23023451010,Radial_ZN_Suburbana,5.74,5.71
22002381010,Radial_ZN_Central,5.62,5.65
23023801010,Radial_AP5_Brasil_Expresso,9.22,9.69
23023811010,Radial_AP5_Brasil_Expresso,9.22,9.69
23023821010,Radial_AP5_Barra,8.39,8.43
23023831010,Radial_AP5_Brasil_Expresso,9.22,9.69
22002391010,Radial_ZN_Central,5.62,5.65
22002471010,Radial_ZN_Central,5.62,5.65
22002491010,Radial_ZN_Central,5.62,5.65
22002541010,Radial_ZN_Central,5.62,5.65
22002651010,Radial_ZN_Suburbana,5.74,5.71
22002751010,Radial_ZN_Central,5.62,5.65
22002771010,Radial_ZN_Central,5.62,5.65
23028011010,Radial_AP5_Barra,8.39,8.43
23028021010,Radial_AP5_Barra,8.39,8.43
23028031010,Radial_AP5_Barra,8.39,8.43
23028041010,Radial_AP5_Barra,8.39,8.43
23029181010,Radial_AP4_Expressa,8.51,8.88
22002921010,Radial_ZN_Leopoldina,5.64,5.8
22002961010,Radial_ZN_Suburbana,5.74,5.71
22002981010,Radial_ZN_Suburbana,5.74,5.71
22003001010,Radial_AP_5_Brasil_Parador,8.07,8.55
22003011010,Radial_AP4_Serra,6.29,6.36
22003021010,Radial_AP4_Serra,6.29,6.36
22003031010,Radial_AP4_Expressa,8.51,8.88
22003061010,Radial_AP4_Serra,6.29,6.36
22003091010,Radial_Zona_Sul_Parador,6.16,6
22003111010,Radial_ZN_Leopoldina,5.64,5.8
22003121010,Radial_ZN_Leopoldina,5.64,5.8
22003131010,Radial_ZN_Leopoldina,5.64,5.8
22003151010,Radial_AP4_Expressa,8.51,8.88
22003211010,Radial_Ilha_Expressa,8.19,8.45
22003221010,Radial_Ilha_Paradora,6.89,7.12
22003231010,Radial_Ilha_Expressa,8.19,8.45
22003241010,Radial_Ilha_Paradora,6.89,7.12
22003251010,Radial_Ilha_Expressa,8.19,8.45
22003261010,Radial_Ilha_Paradora,6.89,7.12
22003271010,Radial_Ilha_Expressa,8.19,8.45
22003281010,Radial_Ilha_Paradora,6.89,7.12
22003291010,Radial_Ilha_Paradora,6.89,7.12
22003301010,Radial_Ilha_Paradora,6.89,7.12
22003311010,Radial_AP4_Expressa,8.51,8.88
22003341010,Radial_ZN_Leopoldina,5.64,5.8
22003351010,Radial_ZN_Brasil,6.93,7.16
22003381010,Radial_AP4_Expressa,8.51,8.88
22003391010,Radial_AP4_Expressa,8.51,8.88
22003411010,Radial_AP4_Serra,6.29,6.36
22003421010,Radial_ZN_Brasil,6.93,7.16
22003431010,Radial_AP4_Expressa,8.51,8.88
22003451010,Radial_AP4_Serra,6.29,6.36
22003461010,Radial_ZN_Central,5.62,5.65
22003481010,Radial_AP4_Expressa,8.51,8.88
22003491010,Radial_ZN_Brasil,6.93,7.16
22003501010,Radial_ZN_Leopoldina,5.64,5.8
22003511010,Radial_ZN_Brasil,6.93,7.16
22003521010,Radial_AP4_Expressa,8.51,8.88
22003531010,Radial_ZN_Central,5.62,5.65
22003551010,Radial_ZN_Brasil,6.93,7.16
22003581010,Radial_AP5_Brasil_Expresso,9.22,9.69
22003611010,Radial_AP4_Expressa,8.51,8.88
22003621010,Radial_ZN_Brasil,6.93,7.16
22003631010,Radial_ZN_Central,5.62,5.65
22003641010,Radial_AP5_Brasil_Expresso,9.22,9.69
22003651010,Radial_AP5_Brasil_Expresso,9.22,9.69
22003661010,Radial_AP5_Brasil_Expresso,9.22,9.69
22003671010,Radial_AP5_Brasil_Expresso,9.22,9.69
22003681010,Radial_AP4_Serra,6.29,6.36
22003691010,Radial_AP5_Brasil_Expresso,9.22,9.69
22003701010,Radial_AP_5_Brasil_Parador,8.07,8.55
22003711010,Radial_ZN_Suburbana,5.74,5.71
22003761010,Radial_ZN_Brasil,6.93,7.16
22003781010,Radial_ZN_Brasil,6.93,7.16
22003791010,Radial_AP_5_Brasil_Parador,8.07,8.55
22003801010,Radial_AP4_Expressa,8.51,8.88
22003831010,Radial_ZN_Central,5.62,5.65
22003841010,Radial_ZN_Brasil,6.93,7.16
22003851010,Radial_ZN_Brasil,6.93,7.16
22003861010,Radial_ZN_Brasil,6.93,7.16
22003881010,Radial_AP5_Brasil_Expresso,9.22,9.69
22003891010,Radial_AP5_Brasil_Expresso,9.22,9.69
22003901010,Radial_AP4_Serra,6.29,6.36
22003911010,Radial_ZN_Central,5.62,5.65
22003921010,Radial_AP_5_Brasil_Parador,8.07,8.55
22003931010,Radial_AP_5_Brasil_Parador,8.07,8.55
22003941010,Radial_AP5_Brasil_Expresso,9.22,9.69
22003951010,Radial_AP5_Brasil_Expresso,9.22,9.69
22003961010,Radial_AP_5_Brasil_Parador,8.07,8.55
22003971010,Radial_AP_5_Brasil_Parador,8.07,8.55
22003981010,Radial_AP_5_Brasil_Parador,8.07,8.55
22003991010,Radial_ZN_Brasil,6.93,7.16
22004021010,Diametral_Santa_Barbara,5.87,5.72
22004041010,Diametral_Santa_Barbara,5.87,5.72
22004091010,Diametral_Lapa,5.37,5.33
22004101010,Diametral_Santa_Barbara,5.87,5.72
22004121010,Diametral_Lapa,5.37,5.33
22004151010,Diametral_Aterro,7.62,7.65
22004161010,Diametral_Santa_Barbara,5.87,5.72
22004221010,Diametral_Centro,5.57,5.49
22004261010,Diametral_Santa_Barbara,5.87,5.72
22004321010,Diametral_Santa_Barbara,5.87,5.72
22004331010,Diametral_Lapa,5.37,5.33
22004341010,Diametral_Lapa,5.37,5.33
22004351010,Diametral_Santa_Barbara,5.87,5.72
22004361010,Diametral_Rebouças,6.88,7.05
22004391010,Diametral_Rebouças,6.88,7.05
22004401010,Diametral_Rebouças,6.88,7.05
22004411010,Diametral_Rebouças,6.88,7.05
22004421010,Diametral_Aterro,7.62,7.65
22004431010,Diametral_Aterro,7.62,7.65
22004441010,Diametral_Santa_Barbara,5.87,5.72
22004451010,Diametral_Santa_Barbara,5.87,5.72
22004481010,Auxiliar_Serra,5.75,5.79
22004551010,Diametral_Aterro,7.62,7.65
22004561010,Diametral_Santa_Barbara,5.87,5.72
22004571010,Diametral_Santa_Barbara,5.87,5.72
22004601010,Diametral_Rebouças,6.88,7.05
22004611010,Diametral_Rebouças,6.88,7.05
22004621010,Diametral_Rebouças,6.88,7.05
22004631010,Diametral_Rebouças,6.88,7.05
22004641010,Diametral_Lapa,5.37,5.33
22004711010,Diametral_Centro,5.57,5.49
22004721010,Diametral_Centro,5.57,5.49
22004731010,Diametral_Rebouças,6.88,7.05
22004741010,Diametral_Santa_Barbara,5.87,5.72
22004761010,Diametral_Rebouças,6.88,7.05
22004831010,Diametral_Aterro,7.62,7.65
22004841010,Diametral_Centro,5.57,5.49
22004851010,Diametral_Santa_Barbara,5.87,5.72
22004861010,Diametral_Santa_Barbara,5.87,5.72
22004921010,Diametral_Aterro,7.62,7.65
22004971010,Diametral_Lapa,5.37,5.33
22004981010,Diametral_Santa_Barbara,5.87,5.72
22005031010,Auxiliar_Zona_Sul,4.74,4.37
22005071010,Auxiliar_Centro-Santa_Teresa,4.53,4.82
22005131010,Auxiliar_Zona_Sul,4.74,4.37
22005171010,Auxiliar_Zona_Sul,4.74,4.37
22005251010,Interregião_AP4_-_ZS,7.6,7.36
22005371010,Auxiliar_Zona_Sul,4.74,4.37
22005381010,Auxiliar_Zona_Sul,4.74,4.37
22005391010,Auxiliar_Zona_Sul,4.74,4.37
22005481010,Interregião_AP4_-_ZS,7.6,7.36
22005501010,Interregião_AP4_-_ZS,7.6,7.36
22005511010,Interregião_AP4_-_ZS,7.6,7.36
22005521010,Interregião_AP4_-_ZS,7.6,7.36
22005531010,Interregião_AP4_-_ZS,7.6,7.36
22005541010,Interregião_AP4_-_ZS,7.6,7.36
22005551010,Interregião_AP4_-_ZS,7.6,7.36
22005571010,Interregião_AP4_-_ZS,7.6,7.36
22005581010,Interregião_AP4_-_ZS,7.6,7.36
22005651010,Interregião_AP4_-_ZS,7.6,7.36
22005801010,Auxiliar_Zona_Sul,4.74,4.37
22005811010,Auxiliar_Zona_Sul,4.74,4.37
22005821010,Auxiliar_Zona_Sul,4.74,4.37
22005831010,Auxiliar_Zona_Sul,4.74,4.37
22005841010,Auxiliar_Zona_Sul,4.74,4.37
22006001010,Auxiliar_Serra,5.75,5.79
22006011010,Auxiliar_Serra,5.75,5.79
22006031010,Auxiliar_Grande_Tijuca,4.26,4
22006051010,Auxiliar_Grande_Tijuca,4.26,4
22006061010,Auxiliar_Méier,5.31,5.16
22006071010,Auxiliar_Méier,5.31,5.16
22006081010,Auxiliar_Grande_Tijuca,4.26,4
22006091010,Auxiliar_Méier,5.31,5.16
22006101010,Interregião_AP4_AP3_Expressa,8.21,8.23
22006111010,Interregião_AP4_AP3_Expressa,8.21,8.23
22006131010,Interregião_AP4_AP3_Expressa,8.21,8.23
22006141010,Interregião_AP4_AP3_Expressa,8.21,8.23
22006151010,Auxiliar_Belford_Roxo,5.75,5.72
22006161010,Auxiliar_Ilha,6.88,6.78
22006211010,Auxiliar_Leopoldina,5.24,5.24
22006221010,Auxiliar_Leopoldina,5.24,5.24
22006231010,Auxiliar_Leopoldina,5.24,5.24
22006241010,Radial_ZN_Suburbana,5.74,5.71
22006251010,Auxiliar_Leopoldina,5.24,5.24
22006261010,Auxiliar_Grande_Tijuca,4.26,4
22006271010,Auxiliar_Méier,5.31,5.16
22006281010,Auxiliar_Leopoldina,5.24,5.24
22006291010,Auxiliar_Belford_Roxo,5.75,5.72
22006301010,Auxiliar_Leopoldina,5.24,5.24
22006341010,Auxiliar_Ilha,6.88,6.78
22006351010,Auxiliar_Ilha,6.88,6.78
22006361010,Auxiliar_Méier,5.31,5.16
22006381010,Auxiliar_Madureira,5.29,4.99
22006391010,Auxiliar_Belford_Roxo,5.75,5.72
22006451010,Auxiliar_Serra,5.75,5.79
22006501010,Auxiliar_Madureira,5.29,4.99
22006511010,Auxiliar_Méier,5.31,5.16
22006521010,Auxiliar_Méier,5.31,5.16
22006531010,Auxiliar_Madureira,5.29,4.99
22006631010,Auxiliar_Leopoldina,5.24,5.24
22006651010,Radial_ZN_Brasil,6.93,7.16
22006671010,Auxiliar_Méier,5.31,5.16
22006691010,Auxiliar_Belford_Roxo,5.75,5.72
22006781010,Auxiliar_Méier,5.31,5.16
22006791010,Auxiliar_Leopoldina,5.24,5.24
22006801010,Auxiliar_Leopoldina,5.24,5.24
22006851010,Auxiliar_Belford_Roxo,5.75,5.72
22006861010,Auxiliar_Méier,5.31,5.16
22006871010,Auxiliar_Belford_Roxo,5.75,5.72
22006881010,Auxiliar_Belford_Roxo,5.75,5.72
22006911010,Interregião_AP4_AP3_Expressa,8.21,8.23
22006921010,Interregião_AP4_AP3_Expressa,8.21,8.23
22006931010,Interregião_AP4_AP3_Expressa,8.21,8.23
22006961010,Auxiliar_Ilha,6.88,6.78
22007021010,Auxiliar_Madureira,5.29,4.99
22007091010,Auxiliar_Madureira,5.29,4.99
22007111010,Auxiliar_Belford_Roxo,5.75,5.72
22007121010,Auxiliar_Madureira,5.29,4.99
22007211010,Auxiliar_Madureira,5.29,4.99
22007231010,Auxiliar_Madureira,5.29,4.99
22007251010,Auxiliar_Madureira,5.29,4.99
22007311010,Auxiliar_AP_51_AP_52,6.73,6.71
22007371010,Auxiliar_AP_51_AP_52,6.73,6.71
22007381010,Auxiliar_AP_51_AP_52,6.73,6.71
22007391010,Auxiliar_AP_51,5.58,5.24
22007411010,Auxiliar_AP_51,5.58,5.24
22007421010,Auxiliar_AP_51,5.58,5.24
22007431010,Auxiliar_AP_51,5.58,5.24
22007441010,Interregião_AP5_AP3_Interna,5.68,5.63
22007451010,Interregião_AP5_AP3_Interna,5.68,5.63
22007461010,Interregião_AP5_AP3_Interna,5.68,5.63
22007511010,Interregião_AP5_AP3_Interna,5.68,5.63
22007521010,Interregião_AP5_AP3_Brasil,8.26,8.51
22007551010,Interregião_AP5_AP3_Brasil,8.26,8.51
22007561010,Interregião_AP5_AP3_Brasil,8.26,8.51
22007591010,Interregião_AP5_AP3_Brasil,8.26,8.51
22007661010,Auxiliar_Madureira,5.29,4.99
22007671010,Interregião_AP5_AP3_Brasil,8.26,8.51
22007691010,Interregião_AP5_AP3_Interna,5.68,5.63
22007701010,Interregião_AP5_AP3_Brasil,8.26,8.51
22007711010,Interregião_AP5_AP3_Brasil,8.26,8.51
22007721010,Interregião_AP5_AP3_Brasil,8.26,8.51
22007731010,Auxiliar_Belford_Roxo,5.75,5.72
22007741010,Auxiliar_Madureira,5.29,4.99
22007751010,Auxiliar_Madureira,5.29,4.99
22007771010,Interregião_AP5_AP3_Interna,5.68,5.63
22007781010,Auxiliar_Belford_Roxo,5.75,5.72
22007791010,Auxiliar_Belford_Roxo,5.75,5.72
22007811010,Auxiliar_Madureira,5.29,4.99
22007821010,Auxiliar_Madureira,5.29,4.99
22007831010,Auxiliar_Madureira,5.29,4.99
22007841010,Interregião_AP5_AP3_Interna,5.68,5.63
22007861010,Auxiliar_AP_51_AP_52,6.73,6.71
22007891010,Interregião_AP5_AP3_Interna,5.68,5.63
22007901010,Interregião_AP5_AP3_Brasil,8.26,8.51
22007931010,Interregião_AP5_AP3_Interna,5.68,5.63
22007941010,Interregião_AP5_AP3_Interna,5.68,5.63
22007951010,Interregião_AP5_AP3_Interna,5.68,5.63
22008001010,Auxiliar_Jacarepaguá,5.34,5.39
22008011010,Interregião_AP5_AP3_Interna,5.68,5.63
22008021010,Auxiliar_AP_51_AP_52,6.73,6.71
22008031010,Interregião_AP5_AP3_Interna,5.68,5.63
22008041010,Auxiliar_AP_52_AP_53,6.54,6.41
22008051010,Auxiliar_Barra_Recreio,6.55,6.25
22008061010,Auxiliar_Jacarepaguá,5.34,5.39
22008071010,Auxiliar_AP_53,7.3,6.76
22008091010,Auxiliar_AP_53,7.3,6.76
22008101010,Auxiliar_Jacarepaguá,5.34,5.39
22008111010,Auxiliar_AP_51_AP_52,6.73,6.71
22008121010,Auxiliar_AP_51,5.58,5.24
22008131010,Auxiliar_AP_53,7.3,6.76
22008141010,Auxiliar_AP_51,5.58,5.24
22008161010,Auxiliar_Barra_Recreio,6.55,6.25
22008171010,Auxiliar_Barra_Recreio,6.55,6.25
22008181010,Auxiliar_Barra_Recreio,6.55,6.25
22008191010,Auxiliar_AP_51,5.58,5.24
22008211010,Auxiliar_AP_52,6.15,5.87
22008221010,Auxiliar_AP_52,6.15,5.87
22008231010,Auxiliar_Barra_Recreio,6.55,6.25
22008241010,Auxiliar_AP_52,6.15,5.87
22008251010,Auxiliar_AP_52_AP_53,6.54,6.41
22008261010,Auxiliar_AP_52,6.15,5.87
22008271010,Auxiliar_Barra_Recreio,6.55,6.25
22008281010,Auxiliar_AP_52,6.15,5.87
22008291010,Auxiliar_Jacarepaguá,5.34,5.39
22008301010,Auxiliar_AP_52,6.15,5.87
22008311010,Auxiliar_Jacarepaguá,5.34,5.39
22008321010,Auxiliar_Barra_Recreio,6.55,6.25
22008331010,Auxiliar_AP_52,6.15,5.87
22008341010,Auxiliar_AP_52,6.15,5.87
22008351010,Auxiliar_AP_52,6.15,5.87
22008361010,Auxiliar_AP_52,6.15,5.87
22008371010,Auxiliar_AP_52,6.15,5.87
22008381010,Auxiliar_AP_52,6.15,5.87
22008391010,Auxiliar_AP_52_AP_53,6.54,6.41
22008401010,Auxiliar_AP_52_AP_53,6.54,6.41
22008411010,Auxiliar_AP_52,6.15,5.87
22008421010,Auxiliar_AP_52,6.15,5.87
22008431010,Auxiliar_AP_52,6.15,5.87
22008441010,Auxiliar_Barra_Recreio,6.55,6.25
22008451010,Auxiliar_AP_52,6.15,5.87
22008461010,Auxiliar_AP_52,6.15,5.87
22008471010,Auxiliar_AP_52,6.15,5.87
22008481010,Auxiliar_AP_52,6.15,5.87
22008491010,Auxiliar_AP_52_AP_53,6.54,6.41
22008501010,Auxiliar_AP_52,6.15,5.87
22008511010,Auxiliar_AP_52,6.15,5.87
22008521010,Auxiliar_AP_52,6.15,5.87
22008531010,Auxiliar_AP_52,6.15,5.87
22008541010,Auxiliar_AP_52,6.15,5.87
22008551010,Auxiliar_AP_51_AP_52,6.73,6.71
22008561010,Auxiliar_Jacarepaguá,5.34,5.39
22008581010,Auxiliar_AP_52_AP_53,6.54,6.41
22008591010,Auxiliar_Jacarepaguá,5.34,5.39
22008601010,Auxiliar_Jacarepaguá,5.34,5.39
22008611010,Auxiliar_Jacarepaguá,5.34,5.39
22008621010,Auxiliar_Barra_Recreio,6.55,6.25
22008631010,Auxiliar_Barra_Recreio,6.55,6.25
22008641010,Auxiliar_AP_51_AP_52,6.73,6.71
22008651010,Auxiliar_Jacarepaguá,5.34,5.39
22008661010,Auxiliar_AP_52,6.15,5.87
22008671010,Auxiliar_AP_52,6.15,5.87
22008681010,Auxiliar_AP_52_AP_53,6.54,6.41
22008691010,Auxiliar_AP_52,6.15,5.87
22008701010,Auxiliar_AP_53,7.3,6.76
22008711010,Auxiliar_AP_53,7.3,6.76
22008721010,Auxiliar_AP_53,7.3,6.76
22008731010,Auxiliar_AP_52_AP_53,6.54,6.41
22008741010,Auxiliar_AP_52,6.15,5.87
22008751010,Auxiliar_Jacarepaguá,5.34,5.39
22008761010,Auxiliar_Barra_Recreio,6.55,6.25
22008771010,Auxiliar_Barra_Recreio,6.55,6.25
22008781010,Auxiliar_Barra_Recreio,6.55,6.25
22008791010,Auxiliar_AP_52,6.15,5.87
22008801010,Auxiliar_Barra_Recreio,6.55,6.25
22008811010,Auxiliar_Barra_Recreio,6.55,6.25
22008821010,Auxiliar_Barra_Recreio,6.55,6.25
22008831010,Auxiliar_AP_51_AP_52,6.73,6.71
22008841010,Auxiliar_AP_52_AP_53,6.54,6.41
22008851010,Auxiliar_AP_53,7.3,6.76
22008861010,Auxiliar_Barra_Recreio,6.55,6.25
22008871010,Auxiliar_Barra_Recreio,6.55,6.25
22008901010,Auxiliar_Barra_Recreio,6.55,6.25
22008911010,Auxiliar_AP_53,7.3,6.76
22008921010,Auxiliar_AP_53,7.3,6.76
22008931010,Auxiliar_AP_52,6.15,5.87
22008951010,Auxiliar_AP_52,6.15,5.87
22008961010,Auxiliar_AP_53,7.3,6.76
22008971010,Auxiliar_AP_53,7.3,6.76
22008981010,Auxiliar_AP_52_AP_53,6.54,6.41
22009001010,Auxiliar_Barra_Recreio,6.55,6.25
22009011010,Auxiliar_Ilha,6.88,6.78
22009051010,Auxiliar_AP3_Belford_Roxo_Leopoldina,5.38,5.3
22009061010,Auxiliar_Leopoldina,5.24,5.24
22009081010,Auxiliar_AP3_Belford_Roxo_Leopoldina,5.38,5.3
22009101010,Auxiliar_Ilha,6.88,6.78
22009131010,Auxiliar_Ilha,6.88,6.78
22009141010,Auxiliar_Leopoldina,5.24,5.24
22009151010,Auxiliar_Ilha,6.88,6.78
22009161010,Auxiliar_AP3_Belford_Roxo_Leopoldina,5.38,5.3
22009171010,Interregião_AP5_AP3_Interna,5.68,5.63
22009181010,Interregião_AP5_AP3_Interna,5.68,5.63
22009191010,Auxiliar_AP3_Belford_Roxo_Leopoldina,5.38,5.3
22009201010,Auxiliar_AP3_Belford_Roxo_Leopoldina,5.38,5.3
22009221010,Auxiliar_Ilha,6.88,6.78
22009231010,Interregião_AP5_AP3_Brasil,8.26,8.51
22009241010,Auxiliar_Ilha,6.88,6.78
22009251010,Auxiliar_Ilha,6.88,6.78
22009261010,Interregião_AP5_AP3_Interna,5.68,5.63
22009281010,Auxiliar_Madureira,5.29,4.99
22009321010,Auxiliar_Jacarepaguá,5.34,5.39
22009331010,Radial_AP_5_Brasil_Parador,8.07,8.55
22009341010,Auxiliar_Ilha,6.88,6.78
22009351010,Auxiliar_Ilha,6.88,6.78
22009361010,Radial_AP_5_Brasil_Parador,8.07,8.55
22009391010,Auxiliar_Jacarepaguá,5.34,5.39
22009401010,Auxiliar_Madureira,5.29,4.99
22009421010,Auxiliar_AP3_Belford_Roxo_Leopoldina,5.38,5.3
22009441010,Auxiliar_AP3_Belford_Roxo_Leopoldina,5.38,5.3
22009451010,Auxiliar_AP3_Belford_Roxo_Leopoldina,5.38,5.3
22009461010,Auxiliar_AP3_Belford_Roxo_Leopoldina,5.38,5.3
22009501010,Auxiliar_Belford_Roxo,5.75,5.72
22009511010,Auxiliar_Belford_Roxo,5.75,5.72
22009531010,Auxiliar_Jacarepaguá,5.34,5.39
22009541010,Auxiliar_Jacarepaguá,5.34,5.39
22009551010,Interregião_AP4_AP3_Expressa,8.21,8.23
22009631010,Auxiliar_Jacarepaguá,5.34,5.39
22009661010,Auxiliar_Jacarepaguá,5.34,5.39
22009911010,Auxiliar_Barra_Recreio,6.55,6.25
23000259010,Auxiliar_Barra_Recreio,6.55,6.25
22000299010,Auxiliar_AP_52,6.15,5.87
22000319010,Auxiliar_Madureira,5.29,4.99
23000349010,Auxiliar_Barra_Recreio,6.55,6.25
22000176010,Auxiliar_AP_52_AP_53,6.54,6.41
22000026010,Auxiliar_Zona_Sul,4.74,4.37
22002321060,Radial_ZN_Central,5.62,5.65
22002651060,Radial_ZN_Suburbana,5.74,5.71
22006141060,Interregião_AP4_AP3_Expressa,8.21,8.23
22008471060,Auxiliar_AP_52,6.15,5.87
22008671060,Auxiliar_AP_52,6.15,5.87
22009401060,Auxiliar_Madureira,5.29,4.99
22000061020,Auxiliar_Centro-Santa_Teresa,4.53,4.82
22000111020,Auxiliar_Centro-Santa_Teresa,4.53,4.82
22001011020,Radial_Zona_Sul_Parador,6.16,6
22001021020,Radial_Zona_Sul_Parador,6.16,6
22001041020,Radial_Zona_Sul_Parador,6.16,6
22001071020,Radial_Zona_Sul_Parador,6.16,6
22001081020,Radial_Zona_Sul_Expresso,7.42,7.32
22001101020,Radial_Zona_Sul_Expresso,7.42,7.32
22001331020,Auxiliar_Centro-Santa_Teresa,4.53,4.82
22002011020,Auxiliar_Centro-Santa_Teresa,4.53,4.82
22002101020,Auxiliar_Centro-Santa_Teresa,4.53,4.82
22002321020,Radial_ZN_Central,5.62,5.65
22002381020,Radial_ZN_Central,5.62,5.65
22002541020,Radial_ZN_Central,5.62,5.65
22002651020,Radial_ZN_Suburbana,5.74,5.71
22002751020,Radial_ZN_Central,5.62,5.65
22002771020,Radial_ZN_Central,5.62,5.65
22002961020,Radial_ZN_Suburbana,5.74,5.71
22002981020,Radial_ZN_Suburbana,5.74,5.71
22003001020,Radial_AP_5_Brasil_Parador,8.07,8.55
22003011020,Radial_AP4_Serra,6.29,6.36
22003021020,Radial_AP4_Expressa,8.51,8.88
22003091020,Radial_Zona_Sul_Parador,6.16,6
22003121020,Radial_ZN_Leopoldina,5.64,5.8
22003221020,Radial_Ilha_Paradora,6.89,7.12
22003241020,Radial_Ilha_Paradora,6.89,7.12
22003261020,Radial_Ilha_Paradora,6.89,7.12
22003421020,Radial_ZN_Brasil,6.93,7.16
22003461020,Radial_ZN_Central,5.62,5.65
22003491020,Radial_ZN_Leopoldina,5.64,5.8
22003501020,Radial_ZN_Leopoldina,5.64,5.8
22003531020,Radial_ZN_Central,5.62,5.65
22003551020,Radial_ZN_Brasil,6.93,7.16
22003621020,Radial_ZN_Brasil,6.93,7.16
22003631020,Radial_ZN_Central,5.62,5.65
22003681020,Radial_AP4_Serra,6.29,6.36
22003831020,Radial_ZN_Central,5.62,5.65
22003841020,Radial_ZN_Brasil,6.93,7.16
22003851020,Radial_ZN_Brasil,6.93,7.16
22003861020,Radial_ZN_Brasil,6.93,7.16
22003901020,Radial_AP4_Serra,6.29,6.36
22003921020,Radial_AP_5_Brasil_Parador,8.07,8.55
22003931020,Radial_AP_5_Brasil_Parador,8.07,8.55
22003971020,Radial_AP_5_Brasil_Parador,8.07,8.55
22003981020,Radial_AP_5_Brasil_Parador,8.07,8.55
22004091020,Diametral_Lapa,5.37,5.33
22004151020,Diametral_Aterro,7.62,7.65
22004221020,Diametral_Centro,5.57,5.49
22004261020,Diametral_Santa_Barbara,5.87,5.72
22004321020,Diametral_Santa_Barbara,5.87,5.72
22004571020,Diametral_Santa_Barbara,5.87,5.72
22004721020,Diametral_Centro,5.57,5.49
22004741020,Diametral_Santa_Barbara,5.87,5.72
22004861020,Diametral_Santa_Barbara,5.87,5.72
22005171020,Auxiliar_Zona_Sul,4.74,4.37
22005381020,Auxiliar_Zona_Sul,4.74,4.37
22005391020,Auxiliar_Zona_Sul,4.74,4.37
22005501020,Interregião_AP4_-_ZS,7.6,7.36
22005521020,Interregião_AP4_-_ZS,7.6,7.36
22005531020,Interregião_AP4_-_ZS,7.6,7.36
22005651020,Interregião_AP4_-_ZS,7.6,7.36
22005831020,Auxiliar_Zona_Sul,4.74,4.37
22005841020,Auxiliar_Zona_Sul,4.74,4.37
22006011020,Auxiliar_Serra,5.75,5.79
22006071020,Auxiliar_Méier,5.31,5.16
22006241020,Radial_ZN_Suburbana,5.74,5.71
22006291020,Auxiliar_Belford_Roxo,5.75,5.72
22006361020,Auxiliar_Méier,5.31,5.16
22006391020,Auxiliar_Belford_Roxo,5.75,5.72
22006501020,Auxiliar_Madureira,5.29,4.99
22006651020,Radial_ZN_Brasil,6.93,7.16
22006691020,Auxiliar_Belford_Roxo,5.75,5.72
22006881020,Auxiliar_Belford_Roxo,5.75,5.72
22006961020,Auxiliar_Ilha,6.88,6.78
22007021020,Auxiliar_Madureira,5.29,4.99
22007111020,Auxiliar_Belford_Roxo,5.75,5.72
22007121020,Auxiliar_Madureira,5.29,4.99
22007311020,Auxiliar_AP_51_AP_52,6.73,6.71
22007741020,Auxiliar_Madureira,5.29,4.99
22007781020,Auxiliar_Belford_Roxo,5.75,5.72
22007861020,Auxiliar_AP_51_AP_52,6.73,6.71
22007901020,Interregião_AP5_AP3_Brasil,8.26,8.51
22007941020,Interregião_AP5_AP3_Interna,5.68,5.63
22008031020,Interregião_AP5_AP3_Interna,5.68,5.63
22008061020,Auxiliar_Jacarepaguá,5.34,5.39
22008071020,Auxiliar_AP_53,7.3,6.76
22008101020,Auxiliar_Jacarepaguá,5.34,5.39
22008121020,Auxiliar_AP_51,5.58,5.24
22008191020,Auxiliar_AP_51,5.58,5.24
22008211020,Auxiliar_AP_52,6.15,5.87
22008231020,Auxiliar_Barra_Recreio,6.55,6.25
22008301020,Auxiliar_AP_52,6.15,5.87
22008311020,Auxiliar_Jacarepaguá,5.34,5.39
22008321020,Auxiliar_Barra_Recreio,6.55,6.25
22008401020,Auxiliar_AP_52_AP_53,6.54,6.41
22008461020,Auxiliar_AP_52,6.15,5.87
22008531020,Auxiliar_AP_52,6.15,5.87
22008551020,Auxiliar_AP_51_AP_52,6.73,6.71
22008581020,Auxiliar_AP_52_AP_53,6.54,6.41
22008621020,Auxiliar_Barra_Recreio,6.55,6.25
22008631020,Auxiliar_Barra_Recreio,6.55,6.25
22008671020,Auxiliar_AP_52,6.15,5.87
22008701020,Auxiliar_AP_53,7.3,6.76
22008731020,Auxiliar_AP_52_AP_53,6.54,6.41
22008781020,Auxiliar_Barra_Recreio,6.55,6.25
22008831020,Auxiliar_AP_51_AP_52,6.73,6.71
22008841020,Auxiliar_AP_52_AP_53,6.54,6.41
22008901020,Auxiliar_Barra_Recreio,6.55,6.25
22008911020,Auxiliar_AP_53,7.3,6.76
22008931020,Auxiliar_AP_52,6.15,5.87
22008961020,Auxiliar_AP_53,7.3,6.76
22008971020,Auxiliar_AP_53,7.3,6.76
22008981020,Auxiliar_AP_52_AP_53,6.54,6.41
22009101020,Auxiliar_Ilha,6.88,6.78
22009181020,Interregião_AP5_AP3_Interna,5.68,5.63
22009241020,Auxiliar_Ilha,6.88,6.78
22009321020,Auxiliar_Jacarepaguá,5.34,5.39
22009401020,Auxiliar_Madureira,5.29,4.99
22009461020,Auxiliar_AP3_Belford_Roxo_Leopoldina,5.38,5.3
22009531020,Auxiliar_Jacarepaguá,5.34,5.39
22009541020,Auxiliar_Jacarepaguá,5.34,5.39
22009911020,Auxiliar_Barra_Recreio,6.55,6.25
23023291040,Auxiliar_Barra_Recreio,6.55,6.25
23023331040,Auxiliar_Barra_Recreio,6.55,6.25
22002471040,Radial_ZN_Central,5.62,5.65
22002541040,Radial_ZN_Central,5.62,5.65
22002651040,Radial_ZN_Suburbana,5.74,5.71
22002921040,Radial_ZN_Leopoldina,5.64,5.8
22003111040,Radial_ZN_Leopoldina,5.64,5.8
22003121040,Radial_ZN_Leopoldina,5.64,5.8
22003221040,Radial_Ilha_Paradora,6.89,7.12
22003261040,Radial_Ilha_Paradora,6.89,7.12
22003341040,Radial_ZN_Leopoldina,5.64,5.8
22003351040,Radial_ZN_Brasil,6.93,7.16
22003411040,Radial_AP4_Serra,6.29,6.36
22003431040,Radial_AP4_Expressa,8.51,8.88
22003661040,Radial_AP_5_Brasil_Parador,8.07,8.55
22003781040,Radial_ZN_Brasil,6.93,7.16
22003931040,Radial_AP_5_Brasil_Parador,8.07,8.55
22004041040,Diametral_Santa_Barbara,5.87,5.72
22004551040,Diametral_Aterro,7.62,7.65
22004851040,Diametral_Santa_Barbara,5.87,5.72
22004981040,Diametral_Santa_Barbara,5.87,5.72
22005131040,Auxiliar_Zona_Sul,4.74,4.37
22005531040,Interregião_AP4_-_ZS,7.6,7.36
22005801040,Auxiliar_Zona_Sul,4.74,4.37
22006001040,Auxiliar_Serra,5.75,5.79
22006131040,Interregião_AP4_AP3_Expressa,8.21,8.23
22008011040,Interregião_AP5_AP3_Interna,5.68,5.63
22008031040,Interregião_AP5_AP3_Interna,5.68,5.63
22008101040,Auxiliar_Jacarepaguá,5.34,5.39
22008381040,Auxiliar_AP_52,6.15,5.87
22008411040,Auxiliar_AP_52,6.15,5.87
22008501040,Auxiliar_AP_52,6.15,5.87
22008841040,Auxiliar_AP_52_AP_53,6.54,6.41
22002321041,Radial_ZN_Central,5.62,5.65
22003491041,Radial_ZN_Brasil,6.93,7.16
22003501041,Radial_ZN_Leopoldina,5.64,5.8
22003551041,Radial_ZN_Brasil,6.93,7.16
22003621041,Radial_ZN_Brasil,6.93,7.16
22003971041,Radial_AP_5_Brasil_Parador,8.07,8.55
22008541041,Auxiliar_AP_52,6.15,5.87
22002321042,Radial_ZN_Central,5.62,5.65
22003491042,Radial_ZN_Brasil,6.93,7.16
22003501042,Radial_ZN_Leopoldina,5.64,5.8
22003551042,Radial_ZN_Brasil,6.93,7.16
22003621042,Radial_ZN_Brasil,6.93,7.16
22003971042,Radial_AP_5_Brasil_Parador,8.07,8.55
22008541042,Auxiliar_AP_52,6.15,5.87
22003551043,Radial_ZN_Brasil,6.93,7.16
22003621043,Radial_ZN_Brasil,6.93,7.16
22003001050,Radial_AP5_Brasil_Expresso,9.22,9.69
22003421050,Radial_ZN_Brasil,6.93,7.16
22003491050,Radial_ZN_Brasil,6.93,7.16
22003501050,Radial_ZN_Leopoldina,5.64,5.8
22003551050,Radial_ZN_Brasil,6.93,7.16
22003621050,Radial_ZN_Brasil,6.93,7.16
22003781050,Radial_ZN_Brasil,6.93,7.16
22003851050,Radial_ZN_Brasil,6.93,7.16
22003931050,Radial_AP5_Brasil_Expresso,9.22,9.69
22003971050,Radial_AP5_Brasil_Expresso,9.22,9.69
22003981050,Radial_AP5_Brasil_Expresso,9.22,9.69
22002321030,Radial_ZN_Central,5.62,5.65
23023341030,Radial_AP5_Barra,8.39,8.43
23023811030,Radial_AP5_Brasil_Expresso,9.22,9.69
22003011030,Radial_AP4_Serra,6.29,6.36
22003091030,Radial_Zona_Sul_Parador,6.16,6
22003221030,Radial_Ilha_Paradora,6.89,7.12
22003281030,Radial_Ilha_Paradora,6.89,7.12
22003351030,Radial_ZN_Brasil,6.93,7.16
22003631030,Radial_ZN_Central,5.62,5.65
22003901030,Radial_AP4_Serra,6.29,6.36
22003941030,Radial_AP_5_Brasil_Parador,8.07,8.55
22004551030,Diametral_Rebouças,6.88,7.05
22004741030,Diametral_Santa_Barbara,5.87,5.72
22004981030,Diametral_Santa_Barbara,5.87,5.72
22006061030,Auxiliar_Méier,5.31,5.16
22006501030,Auxiliar_Madureira,5.29,4.99
22006691030,Auxiliar_Belford_Roxo,5.75,5.72
22006931030,Interregião_AP4_AP3_Expressa,8.21,8.23
22007741030,Auxiliar_Madureira,5.29,4.99
22007771030,Interregião_AP5_AP3_Interna,5.68,5.63
22007791030,Auxiliar_Belford_Roxo,5.75,5.72
22007901030,Interregião_AP5_AP3_Brasil,8.26,8.51
22008431030,Auxiliar_AP_52,6.15,5.87
22008531030,Auxiliar_AP_52,6.15,5.87
22008661030,Auxiliar_AP_52,6.15,5.87
22008701030,Auxiliar_AP_53,7.3,6.76
22008781030,Auxiliar_Barra_Recreio,6.55,6.25
22009011030,Auxiliar_Ilha,6.88,6.78
22009081030,Auxiliar_AP3_Belford_Roxo_Leopoldina,5.38,5.3
22009171030,Interregião_AP5_AP3_Interna,5.68,5.63
22009201030,Auxiliar_AP3_Belford_Roxo_Leopoldina,5.38,5.3
22009421030,Auxiliar_AP3_Belford_Roxo_Leopoldina,5.38,5.3
23023451031,Radial_ZN_Suburbana,5.74,5.71
22003241031,Radial_Ilha_Paradora,6.89,7.12
22003261031,Radial_Ilha_Paradora,6.89,7.12
22006651031,Radial_ZN_Brasil,6.93,7.16
22006851031,Auxiliar_Belford_Roxo,5.75,5.72
22006961031,Auxiliar_Ilha,6.88,6.78
22009051031,Auxiliar_AP3_Belford_Roxo_Leopoldina,5.38,5.3
23023451032,Radial_ZN_Suburbana,5.74,5.71
22003241032,Radial_Ilha_Paradora,6.89,7.12
22003261032,Radial_Ilha_Paradora,6.89,7.12
22006651032,Radial_ZN_Brasil,6.93,7.16
22006851032,Auxiliar_Belford_Roxo,5.75,5.72
22006961032,Auxiliar_Ilha,6.88,6.78
22009051032,Auxiliar_AP3_Belford_Roxo_Leopoldina,5.38,5.3
22009051033,Auxiliar_AP3_Belford_Roxo_Leopoldina,5.38,5.3
